out,04 00
in,01 55 00 0B 2C 00 00 00 00 43 6F 6D 4C 69 6E 6B 20 49 49 01 10 02 00 01 01 03 00 00 00 00 00 00 00 00 00 00 00 00 00 00 00 00 00 00 00 00 00 00 00 00 00 00 00 00 00 00 00 00 00 00 00 00 00 00
out,06 00 00
in,01 55 00 C0 2C 00 00 00 00 43 6F 6D 4C 69 6E 6B 20 49 49 01 10 02 00 01 01 03 00 00 00 00 00 00 00 00 00 00 00 00 00 00 00 00 00 00 00 00 00 00 00 00 00 00 00 00 00 00 00 00 00 00 00 00 00 00
out,01 00 A7 01 20 88 50 80 02 55 00 00 00 5D 7A 01 0A A2
in,01 55 00 C0 2C 00 00 00 00 43 6F 6D 4C 69 6E 6B 20 49 49 01 10 02 00 01 01 03 00 00 00 00 00 00 00 00 00 00 00 00 00 00 00 00 00 00 00 00 00 00 00 00 00 00 00 00 00 00 00 00 00 00 00 00 00 00
out,01 00 A7 01 20 88 50 80 00 00 02 01 00 75 4B 00
in,01 55 00 C0 2C 00 00 00 00 43 6F 6D 4C 69 6E 6B 20 49 49 01 10 02 00 01 01 03 00 00 00 00 00 00 00 00 00 00 00 00 00 00 00 00 00 00 00 00 00 00 00 00 00 00 00 00 00 00 00 00 00 00 00 00 00 00
out,03 00
in,01 55 00 00 02 02 00 00 05 04 00 6D 4C 69 6E 6B 20 49 49 01 10 02 00 01 01 03 00 00 00 00 00 00 00 00 00 00 00 00 00 00 00 00 00 00 00 00 00 00 00 00 00 00 00 00 00 00 00 00 00 00 00 00 00 00
out,03 00
in,01 55 00 00 02 01 00 4E 05 04 00 6D 4C 69 6E 6B 20 49 49 01 10 02 00 01 01 03 00 00 00 00 00 00 00 00 00 00 00 00 00 00 00 00 00 00 00 00 00 00 00 00 00 00 00 00 00 00 00 00 00 00 00 00 00 00
out,0C 00 00 4E 95
in,02 00 03 00 CE 80 40 A7 01 20 88 50 29 00 00 00 00 00 00 00 00 00 00 00 00 00 00 00 00 00 00 00 00 00 00 00 00 00 00 00 00 00 00 00 00 00 00 00 00 00 00 00 00 00 00 00 00 00 00 00 00 00 00 00 00 00 00 00 00 00 00 00 00 00 00 00 00 00
out,01 00 A7 01 20 88 50 80 00 00 02 01 00 83 B2 00
in,01 55 00 00 CE 80 40 A7 01 20 88 50 29 00 00 00 00 00 00 00 00 00 00 00 00 00 00 00 00 00 00 00 00 00 00 00 00 00 00 00 00 00 00 00 00 00 00 00 00 00 00 00 00 00 00 00 00 00 00 00 00 00 00 00
out,03 00
in,01 55 00 00 02 02 00 00 05 04 00 50 29 00 00 00 00 00 00 00 00 00 00 00 00 00 00 00 00 00 00 00 00 00 00 00 00 00 00 00 00 00 00 00 00 00 00 00 00 00 00 00 00 00 00 00 00 00 00 00 00 00 00 00
out,03 00
in,01 55 00 00 02 01 00 4E 05 04 00 50 29 00 00 00 00 00 00 00 00 00 00 00 00 00 00 00 00 00 00 00 00 00 00 00 00 00 00 00 00 00 00 00 00 00 00 00 00 00 00 00 00 00 00 00 00 00 00 00 00 00 00 00
out,0C 00 00 4E 95
in,02 00 03 00 CE 80 40 A7 01 20 88 50 29 03 00 00 00 00 00 00 00 00 00 00 00 00 00 00 00 00 00 00 00 00 00 00 00 00 00 00 00 00 00 00 00 00 00 00 00 00 00 00 00 00 00 00 00 00 00 00 00 00 00 00 00 00 00 00 00 00 00 00 00 00 00 00 00 30
out,01 00 A7 01 20 88 50 80 00 00 02 01 00 98 AF 00
in,01 55 00 00 CE 80 40 A7 01 20 88 50 29 03 00 00 00 00 00 00 00 00 00 00 00 00 00 00 00 00 00 00 00 00 00 00 00 00 00 00 00 00 00 00 00 00 00 00 00 00 00 00 00 00 00 00 00 00 00 00 00 00 00 00
out,03 00
in,01 55 00 00 02 02 00 00 05 04 00 50 29 03 00 00 00 00 00 00 00 00 00 00 00 00 00 00 00 00 00 00 00 00 00 00 00 00 00 00 00 00 00 00 00 00 00 00 00 00 00 00 00 00 00 00 00 00 00 00 00 00 00 00
out,03 00
in,01 55 00 00 02 01 00 4E 05 04 00 50 29 03 00 00 00 00 00 00 00 00 00 00 00 00 00 00 00 00 00 00 00 00 00 00 00 00 00 00 00 00 00 00 00 00 00 00 00 00 00 00 00 00 00 00 00 00 00 00 00 00 00 00
out,0C 00 00 4E 95
in,02 00 03 00 CB 80 40 A7 01 20 88 50 6D 00 00 00 00 00 00 00 00 00 00 00 00 00 00 00 00 00 00 00 00 00 00 00 00 00 00 00 00 00 00 00 00 00 00 00 00 00 00 00 00 00 00 00 00 00 00 00 00 00 00 00 00 00 00 00 00 00 00 00 00 00 00 00 00 00
out,01 00 A7 01 20 88 50 80 00 00 02 01 00 8D C7 00
in,01 55 00 00 CB 80 40 A7 01 20 88 50 6D 00 00 00 00 00 00 00 00 00 00 00 00 00 00 00 00 00 00 00 00 00 00 00 00 00 00 00 00 00 00 00 00 00 00 00 00 00 00 00 00 00 00 00 00 00 00 00 00 00 00 00
out,03 00
in,01 55 00 00 02 02 00 00 05 04 00 50 6D 00 00 00 00 00 00 00 00 00 00 00 00 00 00 00 00 00 00 00 00 00 00 00 00 00 00 00 00 00 00 00 00 00 00 00 00 00 00 00 00 00 00 00 00 00 00 00 00 00 00 00
out,03 00
in,01 55 00 00 02 01 00 4E 05 04 00 50 6D 00 00 00 00 00 00 00 00 00 00 00 00 00 00 00 00 00 00 00 00 00 00 00 00 00 00 00 00 00 00 00 00 00 00 00 00 00 00 00 00 00 00 00 00 00 00 00 00 00 00 00
out,0C 00 00 4E 95
in,02 00 03 00 C8 80 40 A7 01 20 88 50 51 03 35 31 35 00 00 00 00 00 00 00 00 00 00 00 00 00 00 00 00 00 00 00 00 00 00 00 00 00 00 00 00 00 00 00 00 00 00 00 00 00 00 00 00 00 00 00 00 00 00 00 00 00 00 00 00 00 00 00 00 00 00 00 00 45
out,01 00 A7 01 20 88 50 80 00 00 00 01 00 CE BC 00
in,01 55 00 00 C8 80 40 A7 01 20 88 50 51 03 35 31 35 00 00 00 00 00 00 00 00 00 00 00 00 00 00 00 00 00 00 00 00 00 00 00 00 00 00 00 00 00 00 00 00 00 00 00 00 00 00 00 00 00 00 00 00 00 00 00
out,03 00
in,01 55 00 00 02 02 00 00 05 04 00 50 51 03 35 31 35 00 00 00 00 00 00 00 00 00 00 00 00 00 00 00 00 00 00 00 00 00 00 00 00 00 00 00 00 00 00 00 00 00 00 00 00 00 00 00 00 00 00 00 00 00 00 00
out,03 00
in,01 55 00 00 02 01 00 4E 05 04 00 50 51 03 35 31 35 00 00 00 00 00 00 00 00 00 00 00 00 00 00 00 00 00 00 00 00 00 00 00 00 00 00 00 00 00 00 00 00 00 00 00 00 00 00 00 00 00 00 00 00 00 00 00
out,0C 00 00 4E 95
in,02 00 03 00 C8 80 40 A7 01 20 88 50 51 03 00 00 00 00 00 00 00 00 00 00 00 00 00 00 00 00 00 00 00 00 00 00 00 00 00 00 00 00 00 00 00 00 00 00 00 00 00 00 00 00 00 00 00 00 00 00 00 00 00 00 00 00 00 00 00 00 00 00 00 00 00 00 00 30
out,01 00 A7 01 20 88 50 80 01 00 02 00 00 4D A7 00 00
in,01 55 00 00 C8 80 40 A7 01 20 88 50 51 03 00 00 00 00 00 00 00 00 00 00 00 00 00 00 00 00 00 00 00 00 00 00 00 00 00 00 00 00 00 00 00 00 00 00 00 00 00 00 00 00 00 00 00 00 00 00 00 00 00 00
out,01 00 A7 01 20 88 50 80 00 00 02 01 00 75 4B 00
in,01 55 00 00 C8 80 40 A7 01 20 88 50 51 03 00 00 00 00 00 00 00 00 00 00 00 00 00 00 00 00 00 00 00 00 00 00 00 00 00 00 00 00 00 00 00 00 00 00 00 00 00 00 00 00 00 00 00 00 00 00 00 00 00 00
out,03 00
in,01 55 00 00 02 02 00 00 05 04 00 50 51 03 00 00 00 00 00 00 00 00 00 00 00 00 00 00 00 00 00 00 00 00 00 00 00 00 00 00 00 00 00 00 00 00 00 00 00 00 00 00 00 00 00 00 00 00 00 00 00 00 00 00
out,03 00
in,01 55 00 00 02 01 00 4E 05 04 00 50 51 03 00 00 00 00 00 00 00 00 00 00 00 00 00 00 00 00 00 00 00 00 00 00 00 00 00 00 00 00 00 00 00 00 00 00 00 00 00 00 00 00 00 00 00 00 00 00 00 00 00 00
out,0C 00 00 4E 95
in,02 00 03 00 CF 80 40 A7 01 20 88 50 B4 00 00 00 00 00 00 00 00 00 00 00 00 00 00 00 00 00 00 00 00 00 00 00 00 00 00 00 00 00 00 00 00 00 00 00 00 00 00 00 00 00 00 00 00 00 00 00 00 00 00 00 00 00 00 00 00 00 00 00 00 00 00 00 00 00
out,01 00 A7 01 20 88 50 80 00 00 02 01 00 70 11 00
in,01 55 00 00 CF 80 40 A7 01 20 88 50 B4 00 00 00 00 00 00 00 00 00 00 00 00 00 00 00 00 00 00 00 00 00 00 00 00 00 00 00 00 00 00 00 00 00 00 00 00 00 00 00 00 00 00 00 00 00 00 00 00 00 00 00
out,03 00
in,01 55 00 00 02 02 00 00 05 04 00 50 B4 00 00 00 00 00 00 00 00 00 00 00 00 00 00 00 00 00 00 00 00 00 00 00 00 00 00 00 00 00 00 00 00 00 00 00 00 00 00 00 00 00 00 00 00 00 00 00 00 00 00 00
out,03 00
in,01 55 00 00 02 01 00 4E 05 04 00 50 B4 00 00 00 00 00 00 00 00 00 00 00 00 00 00 00 00 00 00 00 00 00 00 00 00 00 00 00 00 00 00 00 00 00 00 00 00 00 00 00 00 00 00 00 00 00 00 00 00 00 00 00
out,0C 00 00 4E 95
in,02 00 03 00 D3 80 40 A7 01 20 88 50 16 03 28 17 07 D0 01 01 00 00 00 00 00 00 00 00 00 00 00 00 00 00 00 00 00 00 00 00 00 00 00 00 00 00 00 00 00 00 00 00 00 00 00 00 00 00 00 00 00 00 00 00 00 00 00 00 00 00 00 00 00 00 00 00 00 BE
out,01 00 A7 01 20 88 50 80 01 00 02 00 00 4D A7 01 9B
in,01 55 00 00 D3 80 40 A7 01 20 88 50 16 03 28 17 07 D0 01 01 00 00 00 00 00 00 00 00 00 00 00 00 00 00 00 00 00 00 00 00 00 00 00 00 00 00 00 00 00 00 00 00 00 00 00 00 00 00 00 00 00 00 00 00
out,01 00 A7 01 20 88 50 80 00 00 02 01 00 71 8A 00
in,01 55 00 00 D3 80 40 A7 01 20 88 50 16 03 28 17 07 D0 01 01 00 00 00 00 00 00 00 00 00 00 00 00 00 00 00 00 00 00 00 00 00 00 00 00 00 00 00 00 00 00 00 00 00 00 00 00 00 00 00 00 00 00 00 00
out,03 00
in,01 55 00 00 02 02 00 00 05 04 00 50 16 03 28 17 07 D0 01 01 00 00 00 00 00 00 00 00 00 00 00 00 00 00 00 00 00 00 00 00 00 00 00 00 00 00 00 00 00 00 00 00 00 00 00 00 00 00 00 00 00 00 00 00
out,03 00
in,01 55 00 00 02 01 00 4E 05 04 00 50 16 03 28 17 07 D0 01 01 00 00 00 00 00 00 00 00 00 00 00 00 00 00 00 00 00 00 00 00 00 00 00 00 00 00 00 00 00 00 00 00 00 00 00 00 00 00 00 00 00 00 00 00
out,0C 00 00 4E 95
in,02 00 03 00 CB 80 40 A7 01 20 88 50 6D 32 30 38 38 35 30 00 00 00 00 00 00 00 00 00 00 00 00 00 00 00 00 00 00 00 00 00 00 00 00 00 00 00 00 00 00 00 00 00 00 00 00 00 00 00 00 00 00 00 00 00 00 00 00 00 00 00 00 00 00 00 00 00 00 E3
out,01 00 A7 01 20 88 50 80 00 00 02 01 00 74 D0 00
in,01 55 00 00 CB 80 40 A7 01 20 88 50 6D 32 30 38 38 35 30 00 00 00 00 00 00 00 00 00 00 00 00 00 00 00 00 00 00 00 00 00 00 00 00 00 00 00 00 00 00 00 00 00 00 00 00 00 00 00 00 00 00 00 00 00
out,03 00
in,01 55 00 00 02 02 00 00 05 04 00 50 6D 32 30 38 38 35 30 00 00 00 00 00 00 00 00 00 00 00 00 00 00 00 00 00 00 00 00 00 00 00 00 00 00 00 00 00 00 00 00 00 00 00 00 00 00 00 00 00 00 00 00 00
out,03 00
in,01 55 00 00 02 01 00 4E 05 04 00 50 6D 32 30 38 38 35 30 00 00 00 00 00 00 00 00 00 00 00 00 00 00 00 00 00 00 00 00 00 00 00 00 00 00 00 00 00 00 00 00 00 00 00 00 00 00 00 00 00 00 00 00 00
out,0C 00 00 4E 95
in,02 00 03 00 CA 80 40 A7 01 20 88 50 F0 56 45 52 20 32 2E 31 41 31 2E 31 20 0B 0B 00 00 00 00 00 00 00 00 00 00 00 00 00 00 00 00 00 00 00 00 00 00 00 00 00 00 00 00 00 00 00 00 00 00 00 00 00 00 00 00 00 00 00 00 00 00 00 00 00 00 CA
out,01 00 A7 01 20 88 50 80 00 00 02 01 00 9D F5 00
in,01 55 00 00 CA 80 40 A7 01 20 88 50 F0 56 45 52 20 32 2E 31 41 31 2E 31 20 0B 0B 00 00 00 00 00 00 00 00 00 00 00 00 00 00 00 00 00 00 00 00 00 00 00 00 00 00 00 00 00 00 00 00 00 00 00 00 00
out,03 00
in,01 55 00 00 02 02 00 00 05 04 00 50 F0 56 45 52 20 32 2E 31 41 31 2E 31 20 0B 0B 00 00 00 00 00 00 00 00 00 00 00 00 00 00 00 00 00 00 00 00 00 00 00 00 00 00 00 00 00 00 00 00 00 00 00 00 00
out,03 00
in,01 55 00 00 02 01 00 4E 05 04 00 50 F0 56 45 52 20 32 2E 31 41 31 2E 31 20 0B 0B 00 00 00 00 00 00 00 00 00 00 00 00 00 00 00 00 00 00 00 00 00 00 00 00 00 00 00 00 00 00 00 00 00 00 00 00 00
out,0C 00 00 4E 95
in,02 00 03 00 CA 80 40 A7 01 20 88 50 F0 00 00 00 00 00 00 00 00 00 00 00 00 00 00 00 00 00 00 00 00 00 00 00 00 00 00 00 00 00 00 00 00 00 00 00 00 00 00 00 00 00 00 00 00 00 00 00 00 00 00 00 00 00 00 00 00 00 00 00 00 00 00 00 00 00
out,01 00 A7 01 20 88 50 80 00 00 02 01 00 C0 4C 00
in,01 55 00 00 CA 80 40 A7 01 20 88 50 F0 00 00 00 00 00 00 00 00 00 00 00 00 00 00 00 00 00 00 00 00 00 00 00 00 00 00 00 00 00 00 00 00 00 00 00 00 00 00 00 00 00 00 00 00 00 00 00 00 00 00 00
out,03 00
in,01 55 00 00 02 02 00 00 05 04 00 50 F0 00 00 00 00 00 00 00 00 00 00 00 00 00 00 00 00 00 00 00 00 00 00 00 00 00 00 00 00 00 00 00 00 00 00 00 00 00 00 00 00 00 00 00 00 00 00 00 00 00 00 00
out,03 00
in,01 55 00 00 02 01 00 4E 05 04 00 50 F0 00 00 00 00 00 00 00 00 00 00 00 00 00 00 00 00 00 00 00 00 00 00 00 00 00 00 00 00 00 00 00 00 00 00 00 00 00 00 00 00 00 00 00 00 00 00 00 00 00 00 00
out,0C 00 00 4E 95
in,02 00 03 00 C8 80 40 A7 01 20 88 50 51 00 01 01 14 00 64 00 50 00 00 01 00 00 00 00 64 00 0F 00 14 00 00 00 00 00 00 00 00 00 00 00 00 00 00 00 00 00 00 00 00 00 00 00 00 00 00 00 00 00 00 00 00 00 00 00 00 00 00 00 00 00 00 00 00 7F
out,01 00 A7 01 20 88 50 80 00 00 02 01 00 79 93 00
in,01 55 00 00 C8 80 40 A7 01 20 88 50 51 00 01 01 14 00 64 00 50 00 00 01 00 00 00 00 64 00 0F 00 14 00 00 00 00 00 00 00 00 00 00 00 00 00 00 00 00 00 00 00 00 00 00 00 00 00 00 00 00 00 00 00
out,03 00
in,01 55 00 00 02 02 00 00 05 04 00 50 51 00 01 01 14 00 64 00 50 00 00 01 00 00 00 00 64 00 0F 00 14 00 00 00 00 00 00 00 00 00 00 00 00 00 00 00 00 00 00 00 00 00 00 00 00 00 00 00 00 00 00 00
out,03 00
in,01 55 00 00 02 01 00 4E 05 04 00 50 51 00 01 01 14 00 64 00 50 00 00 01 00 00 00 00 64 00 0F 00 14 00 00 00 00 00 00 00 00 00 00 00 00 00 00 00 00 00 00 00 00 00 00 00 00 00 00 00 00 00 00 00
out,0C 00 00 4E 95
in,02 00 03 00 CC 80 40 A7 01 20 88 50 88 00 27 00 00 00 00 00 00 00 00 00 00 00 00 00 00 00 00 00 00 00 00 00 00 00 00 00 00 00 00 00 00 00 00 00 00 00 00 00 00 00 00 00 00 00 00 00 00 00 00 00 00 00 00 00 00 00 00 00 00 00 00 00 00 7D
out,01 00 A7 01 20 88 50 80 00 00 02 02 00 92 F9 00
in,01 55 00 00 CC 80 40 A7 01 20 88 50 88 00 27 00 00 00 00 00 00 00 00 00 00 00 00 00 00 00 00 00 00 00 00 00 00 00 00 00 00 00 00 00 00 00 00 00 00 00 00 00 00 00 00 00 00 00 00 00 00 00 00 00
out,03 00
in,01 55 00 00 02 01 00 4E 05 04 00 50 88 00 27 00 00 00 00 00 00 00 00 00 00 00 00 00 00 00 00 00 00 00 00 00 00 00 00 00 00 00 00 00 00 00 00 00 00 00 00 00 00 00 00 00 00 00 00 00 00 00 00 00
out,0C 00 00 4E 95
in,02 00 04 00 CB 00 40 A7 01 20 88 50 38 30 00 00 24 00 04 28 00 0E 3C 00 16 28 00 20 00 00 00 00 00 00 00 00 00 00 00 00 00 00 00 00 00 00 00 00 00 00 00 00 00 00 00 00 00 00 00 00 00 00 00 00 00 00 00 00 00 00 00 00 00 00 00 00 00 7E
out,03 00
in,01 55 00 00 02 01 00 4E 05 04 00 50 38 30 00 00 24 00 04 28 00 0E 3C 00 16 28 00 20 00 00 00 00 00 00 00 00 00 00 00 00 00 00 00 00 00 00 00 00 00 00 00 00 00 00 00 00 00 00 00 00 00 00 00 00
out,0C 00 00 4E 95
in,02 00 04 00 CD 00 40 A7 01 20 88 50 40 00 00 00 00 00 00 00 00 00 00 00 00 00 00 00 00 00 00 00 00 00 00 00 00 00 00 00 00 00 00 00 00 00 00 00 00 00 00 00 00 00 00 00 00 00 00 00 00 00 00 00 00 00 00 00 00 00 00 00 00 00 00 00 00 00
out,03 00
in,01 55 00 00 02 01 00 4E 05 04 00 50 40 00 00 00 00 00 00 00 00 00 00 00 00 00 00 00 00 00 00 00 00 00 00 00 00 00 00 00 00 00 00 00 00 00 00 00 00 00 00 00 00 00 00 00 00 00 00 00 00 00 00 00
out,0C 00 00 4E 95
in,02 00 04 00 CD 80 40 A7 01 20 88 50 C3 00 00 00 00 00 00 00 00 00 00 00 00 00 00 00 00 00 00 00 00 00 00 00 00 00 00 00 00 00 00 00 00 00 00 00 00 00 00 00 00 00 00 00 00 00 00 00 00 00 00 00 00 00 00 00 00 00 00 00 00 00 00 00 00 00
out,01 00 A7 01 20 88 50 80 00 00 02 02 00 93 62 00
in,01 55 00 00 CD 80 40 A7 01 20 88 50 C3 00 00 00 00 00 00 00 00 00 00 00 00 00 00 00 00 00 00 00 00 00 00 00 00 00 00 00 00 00 00 00 00 00 00 00 00 00 00 00 00 00 00 00 00 00 00 00 00 00 00 00
out,03 00
in,01 55 00 00 02 01 00 4E 05 04 00 50 C3 00 00 00 00 00 00 00 00 00 00 00 00 00 00 00 00 00 00 00 00 00 00 00 00 00 00 00 00 00 00 00 00 00 00 00 00 00 00 00 00 00 00 00 00 00 00 00 00 00 00 00
out,0C 00 00 4E 95
in,02 00 04 00 C9 00 40 A7 01 20 88 50 99 00 00 3F 00 00 00 00 00 00 00 00 00 00 00 00 00 00 00 00 00 00 00 00 00 00 00 00 00 00 00 00 00 00 00 00 00 00 00 00 00 00 00 00 00 00 00 00 00 00 00 00 00 00 00 00 00 00 00 00 00 00 00 00 00 7B
out,03 00
in,01 55 00 00 02 01 00 4E 05 04 00 50 99 00 00 3F 00 00 00 00 00 00 00 00 00 00 00 00 00 00 00 00 00 00 00 00 00 00 00 00 00 00 00 00 00 00 00 00 00 00 00 00 00 00 00 00 00 00 00 00 00 00 00 00
out,0C 00 00 4E 95
in,02 00 04 00 C8 00 40 A7 01 20 88 50 04 00 00 00 00 00 00 00 00 00 00 00 00 00 00 00 00 00 00 00 00 00 00 00 00 00 00 00 00 00 00 00 00 00 00 00 00 00 00 00 00 00 00 00 00 00 00 00 00 00 00 00 00 00 00 00 00 00 00 00 00 00 00 00 00 00
out,03 00
in,01 55 00 00 02 01 00 4E 05 04 00 50 04 00 00 00 00 00 00 00 00 00 00 00 00 00 00 00 00 00 00 00 00 00 00 00 00 00 00 00 00 00 00 00 00 00 00 00 00 00 00 00 00 00 00 00 00 00 00 00 00 00 00 00
out,0C 00 00 4E 95
in,02 00 04 00 C8 80 40 A7 01 20 88 50 87 00 00 00 00 00 00 00 00 00 00 00 00 00 00 00 00 00 00 00 00 00 00 00 00 00 00 00 00 00 00 00 00 00 00 00 00 00 00 00 00 00 00 00 00 00 00 00 00 00 00 00 00 00 00 00 00 00 00 00 00 00 00 00 00 00
out,01 00 A7 01 20 88 50 80 00 00 02 02 00 94 95 00
in,01 55 00 00 C8 80 40 A7 01 20 88 50 87 00 00 00 00 00 00 00 00 00 00 00 00 00 00 00 00 00 00 00 00 00 00 00 00 00 00 00 00 00 00 00 00 00 00 00 00 00 00 00 00 00 00 00 00 00 00 00 00 00 00 00
out,03 00
in,01 55 00 00 02 01 00 4E 05 04 00 50 87 00 00 00 00 00 00 00 00 00 00 00 00 00 00 00 00 00 00 00 00 00 00 00 00 00 00 00 00 00 00 00 00 00 00 00 00 00 00 00 00 00 00 00 00 00 00 00 00 00 00 00
out,0C 00 00 4E 95
in,02 00 04 00 C7 00 40 A7 01 20 88 50 C8 00 00 3F 00 00 00 00 00 00 00 00 00 00 00 00 00 00 00 00 00 00 00 00 00 00 00 00 00 00 00 00 00 00 00 00 00 00 00 00 00 00 00 00 00 00 00 00 00 00 00 00 00 00 00 00 00 00 00 00 00 00 00 00 00 7B
out,03 00
in,01 55 00 00 02 01 00 4E 05 04 00 50 C8 00 00 3F 00 00 00 00 00 00 00 00 00 00 00 00 00 00 00 00 00 00 00 00 00 00 00 00 00 00 00 00 00 00 00 00 00 00 00 00 00 00 00 00 00 00 00 00 00 00 00 00
out,0C 00 00 4E 95
in,02 00 04 00 C7 00 40 A7 01 20 88 50 C8 00 00 00 00 00 00 00 00 00 00 00 00 00 00 00 00 00 00 00 00 00 00 00 00 00 00 00 00 00 00 00 00 00 00 00 00 00 00 00 00 00 00 00 00 00 00 00 00 00 00 00 00 00 00 00 00 00 00 00 00 00 00 00 00 00
out,03 00
in,01 55 00 00 02 01 00 4E 05 04 00 50 C8 00 00 00 00 00 00 00 00 00 00 00 00 00 00 00 00 00 00 00 00 00 00 00 00 00 00 00 00 00 00 00 00 00 00 00 00 00 00 00 00 00 00 00 00 00 00 00 00 00 00 00
out,0C 00 00 4E 95
in,02 00 04 00 C7 80 40 A7 01 20 88 50 4B 00 00 00 00 00 00 00 00 00 00 00 00 00 00 00 00 00 00 00 00 00 00 00 00 00 00 00 00 00 00 00 00 00 00 00 00 00 00 00 00 00 00 00 00 00 00 00 00 00 00 00 00 00 00 00 00 00 00 00 00 00 00 00 00 00
out,01 00 A7 01 20 88 50 80 00 00 02 01 00 98 AF 00
in,01 55 00 00 C7 80 40 A7 01 20 88 50 4B 00 00 00 00 00 00 00 00 00 00 00 00 00 00 00 00 00 00 00 00 00 00 00 00 00 00 00 00 00 00 00 00 00 00 00 00 00 00 00 00 00 00 00 00 00 00 00 00 00 00 00
out,03 00
in,01 55 00 00 02 02 00 00 05 04 00 50 4B 00 00 00 00 00 00 00 00 00 00 00 00 00 00 00 00 00 00 00 00 00 00 00 00 00 00 00 00 00 00 00 00 00 00 00 00 00 00 00 00 00 00 00 00 00 00 00 00 00 00 00
out,03 00
in,01 55 00 00 02 01 00 4E 05 04 00 50 4B 00 00 00 00 00 00 00 00 00 00 00 00 00 00 00 00 00 00 00 00 00 00 00 00 00 00 00 00 00 00 00 00 00 00 00 00 00 00 00 00 00 00 00 00 00 00 00 00 00 00 00
out,0C 00 00 4E 95
in,02 00 03 00 C5 80 40 A7 01 20 88 50 3C 00 00 00 00 00 00 00 00 00 00 00 00 00 00 00 00 00 00 00 00 00 00 00 00 00 00 00 00 00 00 00 00 00 00 00 00 00 00 00 00 00 00 00 00 00 00 00 00 00 00 00 00 00 00 00 00 00 00 00 00 00 00 00 00 00
out,01 00 A7 01 20 88 50 80 00 00 02 01 00 72 BC 00
in,01 55 00 00 C5 80 40 A7 01 20 88 50 3C 00 00 00 00 00 00 00 00 00 00 00 00 00 00 00 00 00 00 00 00 00 00 00 00 00 00 00 00 00 00 00 00 00 00 00 00 00 00 00 00 00 00 00 00 00 00 00 00 00 00 00
out,03 00
in,01 55 00 00 02 02 00 00 05 04 00 50 3C 00 00 00 00 00 00 00 00 00 00 00 00 00 00 00 00 00 00 00 00 00 00 00 00 00 00 00 00 00 00 00 00 00 00 00 00 00 00 00 00 00 00 00 00 00 00 00 00 00 00 00
out,03 00
in,01 55 00 00 02 01 00 4E 05 04 00 50 3C 00 00 00 00 00 00 00 00 00 00 00 00 00 00 00 00 00 00 00 00 00 00 00 00 00 00 00 00 00 00 00 00 00 00 00 00 00 00 00 00 00 00 00 00 00 00 00 00 00 00 00
out,0C 00 00 4E 95
in,02 00 03 00 C5 80 40 A7 01 20 88 50 3C 00 00 91 00 00 00 00 00 00 00 00 00 00 00 00 00 00 00 00 00 00 00 00 00 00 00 00 00 00 00 00 00 00 00 00 00 00 00 00 00 00 00 00 00 00 00 00 00 00 00 00 00 00 00 00 00 00 00 00 00 00 00 00 00 DA
out,01 00 A7 01 20 88 50 80 00 00 02 01 00 73 27 00
in,01 55 00 00 C5 80 40 A7 01 20 88 50 3C 00 00 91 00 00 00 00 00 00 00 00 00 00 00 00 00 00 00 00 00 00 00 00 00 00 00 00 00 00 00 00 00 00 00 00 00 00 00 00 00 00 00 00 00 00 00 00 00 00 00 00
out,03 00
in,01 55 00 00 02 02 00 00 05 04 00 50 3C 00 00 91 00 00 00 00 00 00 00 00 00 00 00 00 00 00 00 00 00 00 00 00 00 00 00 00 00 00 00 00 00 00 00 00 00 00 00 00 00 00 00 00 00 00 00 00 00 00 00 00
out,03 00
in,01 55 00 00 02 01 00 4E 05 04 00 50 3C 00 00 91 00 00 00 00 00 00 00 00 00 00 00 00 00 00 00 00 00 00 00 00 00 00 00 00 00 00 00 00 00 00 00 00 00 00 00 00 00 00 00 00 00 00 00 00 00 00 00 00
out,0C 00 00 4E 95
in,02 00 03 00 C8 80 40 A7 01 20 88 50 51 06 9B 00 00 00 00 00 00 00 00 00 00 00 00 00 00 00 00 00 00 00 00 00 00 00 00 00 00 00 00 00 00 00 00 00 00 00 00 00 00 00 00 00 00 00 00 00 00 00 00 00 00 00 00 00 00 00 00 00 00 00 00 00 00 70
out,01 00 A7 01 20 88 50 80 00 00 02 01 00 76 7D 00
in,01 55 00 00 C8 80 40 A7 01 20 88 50 51 06 9B 00 00 00 00 00 00 00 00 00 00 00 00 00 00 00 00 00 00 00 00 00 00 00 00 00 00 00 00 00 00 00 00 00 00 00 00 00 00 00 00 00 00 00 00 00 00 00 00 00
out,03 00
in,01 55 00 00 02 02 00 00 05 04 00 50 51 06 9B 00 00 00 00 00 00 00 00 00 00 00 00 00 00 00 00 00 00 00 00 00 00 00 00 00 00 00 00 00 00 00 00 00 00 00 00 00 00 00 00 00 00 00 00 00 00 00 00 00
out,03 00
in,01 55 00 00 02 01 00 4E 05 04 00 50 51 06 9B 00 00 00 00 00 00 00 00 00 00 00 00 00 00 00 00 00 00 00 00 00 00 00 00 00 00 00 00 00 00 00 00 00 00 00 00 00 00 00 00 00 00 00 00 00 00 00 00 00
out,0C 00 00 4E 95
in,02 00 03 00 C9 80 40 A7 01 20 88 50 CC 2D 2D 2D 2D 2D 2D 2D 2D 2D 2D 2D 2D 2D 2D 2D 2D 2D 2D 00 00 00 00 00 00 00 00 00 00 00 00 00 00 00 00 00 00 00 00 00 00 00 00 00 00 00 00 00 00 00 00 00 00 00 00 00 00 00 00 00 00 00 00 00 00 BB
out,01 00 A7 01 20 88 50 80 00 00 02 01 00 83 B2 00
in,01 55 00 00 C9 80 40 A7 01 20 88 50 CC 2D 2D 2D 2D 2D 2D 2D 2D 2D 2D 2D 2D 2D 2D 2D 2D 2D 2D 00 00 00 00 00 00 00 00 00 00 00 00 00 00 00 00 00 00 00 00 00 00 00 00 00 00 00 00 00 00 00 00 00
out,03 00
in,01 55 00 00 02 02 00 00 05 04 00 50 CC 2D 2D 2D 2D 2D 2D 2D 2D 2D 2D 2D 2D 2D 2D 2D 2D 2D 2D 00 00 00 00 00 00 00 00 00 00 00 00 00 00 00 00 00 00 00 00 00 00 00 00 00 00 00 00 00 00 00 00 00
out,03 00
in,01 55 00 00 02 01 00 4E 05 04 00 50 CC 2D 2D 2D 2D 2D 2D 2D 2D 2D 2D 2D 2D 2D 2D 2D 2D 2D 2D 00 00 00 00 00 00 00 00 00 00 00 00 00 00 00 00 00 00 00 00 00 00 00 00 00 00 00 00 00 00 00 00 00
out,0C 00 00 4E 95
in,02 00 03 00 C5 80 40 A7 01 20 88 50 3C 03 00 00 00 00 00 00 00 00 00 00 00 00 00 00 00 00 00 00 00 00 00 00 00 00 00 00 00 00 00 00 00 00 00 00 00 00 00 00 00 00 00 00 00 00 00 00 00 00 00 00 00 00 00 00 00 00 00 00 00 00 00 00 00 30
out,01 00 A7 01 20 88 50 80 00 00 02 01 00 86 E8 00
in,01 55 00 00 C5 80 40 A7 01 20 88 50 3C 03 00 00 00 00 00 00 00 00 00 00 00 00 00 00 00 00 00 00 00 00 00 00 00 00 00 00 00 00 00 00 00 00 00 00 00 00 00 00 00 00 00 00 00 00 00 00 00 00 00 00
out,03 00
in,01 55 00 00 02 02 00 00 05 04 00 50 3C 03 00 00 00 00 00 00 00 00 00 00 00 00 00 00 00 00 00 00 00 00 00 00 00 00 00 00 00 00 00 00 00 00 00 00 00 00 00 00 00 00 00 00 00 00 00 00 00 00 00 00
out,03 00
in,01 55 00 00 02 01 00 4E 05 04 00 50 3C 03 00 00 00 00 00 00 00 00 00 00 00 00 00 00 00 00 00 00 00 00 00 00 00 00 00 00 00 00 00 00 00 00 00 00 00 00 00 00 00 00 00 00 00 00 00 00 00 00 00 00
out,0C 00 00 4E 95
in,02 00 03 00 C2 80 40 A7 01 20 88 50 D9 00 00 00 00 00 00 00 00 00 00 00 00 00 00 00 00 00 00 00 00 00 00 00 00 00 00 00 00 00 00 00 00 00 00 00 00 00 00 00 00 00 00 00 00 00 00 00 00 00 00 00 00 00 00 00 00 00 00 00 00 00 00 00 00 00
out,01 00 A7 01 20 88 50 80 00 00 02 01 00 8D C7 00
in,01 55 00 00 C2 80 40 A7 01 20 88 50 D9 00 00 00 00 00 00 00 00 00 00 00 00 00 00 00 00 00 00 00 00 00 00 00 00 00 00 00 00 00 00 00 00 00 00 00 00 00 00 00 00 00 00 00 00 00 00 00 00 00 00 00
out,03 00
in,01 55 00 00 02 02 00 00 05 04 00 50 D9 00 00 00 00 00 00 00 00 00 00 00 00 00 00 00 00 00 00 00 00 00 00 00 00 00 00 00 00 00 00 00 00 00 00 00 00 00 00 00 00 00 00 00 00 00 00 00 00 00 00 00
out,03 00
in,01 55 00 00 02 01 00 4E 05 04 00 50 D9 00 00 00 00 00 00 00 00 00 00 00 00 00 00 00 00 00 00 00 00 00 00 00 00 00 00 00 00 00 00 00 00 00 00 00 00 00 00 00 00 00 00 00 00 00 00 00 00 00 00 00
out,0C 00 00 4E 95
in,02 00 03 00 C5 80 40 A7 01 20 88 50 3C 03 35 31 35 00 00 00 00 00 00 00 00 00 00 00 00 00 00 00 00 00 00 00 00 00 00 00 00 00 00 00 00 00 00 00 00 00 00 00 00 00 00 00 00 00 00 00 00 00 00 00 00 00 00 00 00 00 00 00 00 00 00 00 00 45
out,01 00 A7 01 20 88 50 80 00 00 02 01 00 8E F1 00
in,01 55 00 00 C5 80 40 A7 01 20 88 50 3C 03 35 31 35 00 00 00 00 00 00 00 00 00 00 00 00 00 00 00 00 00 00 00 00 00 00 00 00 00 00 00 00 00 00 00 00 00 00 00 00 00 00 00 00 00 00 00 00 00 00 00
out,03 00
in,01 55 00 00 02 02 00 00 05 04 00 50 3C 03 35 31 35 00 00 00 00 00 00 00 00 00 00 00 00 00 00 00 00 00 00 00 00 00 00 00 00 00 00 00 00 00 00 00 00 00 00 00 00 00 00 00 00 00 00 00 00 00 00 00
out,03 00
in,01 55 00 00 02 01 00 4E 05 04 00 50 3C 03 35 31 35 00 00 00 00 00 00 00 00 00 00 00 00 00 00 00 00 00 00 00 00 00 00 00 00 00 00 00 00 00 00 00 00 00 00 00 00 00 00 00 00 00 00 00 00 00 00 00
out,0C 00 00 4E 95
in,02 00 03 00 C6 80 40 A7 01 20 88 50 00 FF FF FF FF FF FF FF FF FF FF FF FF FF FF FF FF 00 00 00 00 00 00 00 00 00 00 00 00 00 00 00 00 00 00 00 00 00 00 00 00 00 00 00 00 00 00 00 00 00 00 00 00 00 00 00 00 00 00 00 00 00 00 00 00 90
out,01 00 A7 01 20 88 50 80 00 00 02 01 00 97 41 00
in,01 55 00 00 C6 80 40 A7 01 20 88 50 00 FF FF FF FF FF FF FF FF FF FF FF FF FF FF FF FF 00 00 00 00 00 00 00 00 00 00 00 00 00 00 00 00 00 00 00 00 00 00 00 00 00 00 00 00 00 00 00 00 00 00 00
out,03 00
in,01 55 00 00 02 02 00 00 05 04 00 50 00 FF FF FF FF FF FF FF FF FF FF FF FF FF FF FF FF 00 00 00 00 00 00 00 00 00 00 00 00 00 00 00 00 00 00 00 00 00 00 00 00 00 00 00 00 00 00 00 00 00 00 00
out,03 00
in,01 55 00 00 02 01 00 4E 05 04 00 50 00 FF FF FF FF FF FF FF FF FF FF FF FF FF FF FF FF 00 00 00 00 00 00 00 00 00 00 00 00 00 00 00 00 00 00 00 00 00 00 00 00 00 00 00 00 00 00 00 00 00 00 00
out,0C 00 00 4E 95
in,02 00 03 00 C2 80 40 A7 01 20 88 50 D9 00 00 00 00 00 00 00 00 00 00 00 00 00 00 00 00 00 00 00 00 00 00 00 00 00 00 00 00 00 00 00 00 00 00 00 00 00 00 00 00 00 00 00 00 00 00 00 00 00 00 00 00 00 00 00 00 00 00 00 00 00 00 00 00 00
out,01 00 A7 01 20 88 50 80 00 00 02 01 00 90 B6 00
in,01 55 00 00 C2 80 40 A7 01 20 88 50 D9 00 00 00 00 00 00 00 00 00 00 00 00 00 00 00 00 00 00 00 00 00 00 00 00 00 00 00 00 00 00 00 00 00 00 00 00 00 00 00 00 00 00 00 00 00 00 00 00 00 00 00
out,03 00
in,01 55 00 00 02 02 00 00 05 04 00 50 D9 00 00 00 00 00 00 00 00 00 00 00 00 00 00 00 00 00 00 00 00 00 00 00 00 00 00 00 00 00 00 00 00 00 00 00 00 00 00 00 00 00 00 00 00 00 00 00 00 00 00 00
out,03 00
in,01 55 00 00 02 01 00 4E 05 04 00 50 D9 00 00 00 00 00 00 00 00 00 00 00 00 00 00 00 00 00 00 00 00 00 00 00 00 00 00 00 00 00 00 00 00 00 00 00 00 00 00 00 00 00 00 00 00 00 00 00 00 00 00 00
out,0C 00 00 4E 95
in,02 00 03 00 C1 80 40 A7 01 20 88 50 E5 00 00 00 00 00 00 00 00 00 00 00 00 00 00 00 00 00 00 00 00 00 00 00 00 00 00 00 00 00 00 00 00 00 00 00 00 00 00 00 00 00 00 00 00 00 00 00 00 00 00 00 00 00 00 00 00 00 00 00 00 00 00 00 00 00
out,01 00 A7 01 20 88 50 80 00 00 02 01 00 9F 58 00
in,01 55 00 00 C1 80 40 A7 01 20 88 50 E5 00 00 00 00 00 00 00 00 00 00 00 00 00 00 00 00 00 00 00 00 00 00 00 00 00 00 00 00 00 00 00 00 00 00 00 00 00 00 00 00 00 00 00 00 00 00 00 00 00 00 00
out,03 00
in,01 55 00 00 02 02 00 00 05 04 00 50 E5 00 00 00 00 00 00 00 00 00 00 00 00 00 00 00 00 00 00 00 00 00 00 00 00 00 00 00 00 00 00 00 00 00 00 00 00 00 00 00 00 00 00 00 00 00 00 00 00 00 00 00
out,03 00
in,01 55 00 00 02 01 00 4E 05 04 00 50 E5 00 00 00 00 00 00 00 00 00 00 00 00 00 00 00 00 00 00 00 00 00 00 00 00 00 00 00 00 00 00 00 00 00 00 00 00 00 00 00 00 00 00 00 00 00 00 00 00 00 00 00
out,0C 00 00 4E 95
in,02 00 03 00 C1 80 40 A7 01 20 88 50 E5 00 00 00 00 00 00 00 00 00 00 00 00 00 00 00 00 00 00 00 00 00 00 00 00 00 00 00 00 00 00 00 00 00 00 00 00 00 00 00 00 00 00 00 00 00 00 00 00 00 00 00 00 00 00 00 00 00 00 00 00 00 00 00 00 00
out,01 00 A7 01 20 88 50 80 00 00 02 01 00 89 06 00
in,01 55 00 00 C1 80 40 A7 01 20 88 50 E5 00 00 00 00 00 00 00 00 00 00 00 00 00 00 00 00 00 00 00 00 00 00 00 00 00 00 00 00 00 00 00 00 00 00 00 00 00 00 00 00 00 00 00 00 00 00 00 00 00 00 00
out,03 00
in,01 55 00 00 02 02 00 00 05 04 00 50 E5 00 00 00 00 00 00 00 00 00 00 00 00 00 00 00 00 00 00 00 00 00 00 00 00 00 00 00 00 00 00 00 00 00 00 00 00 00 00 00 00 00 00 00 00 00 00 00 00 00 00 00
out,03 00
in,01 55 00 00 02 01 00 4E 05 04 00 50 E5 00 00 00 00 00 00 00 00 00 00 00 00 00 00 00 00 00 00 00 00 00 00 00 00 00 00 00 00 00 00 00 00 00 00 00 00 00 00 00 00 00 00 00 00 00 00 00 00 00 00 00
out,0C 00 00 4E 95
in,02 00 03 00 C9 80 40 A7 01 20 88 50 CC 00 00 00 00 00 00 00 00 00 00 00 00 00 00 00 00 00 00 00 00 00 00 00 00 00 00 00 00 00 00 00 00 00 00 00 00 00 00 00 00 00 00 00 00 00 00 00 00 00 00 00 00 00 00 00 00 00 00 00 00 00 00 00 00 00
out,01 00 A7 01 20 88 50 80 00 00 02 01 00 87 73 00
in,01 55 00 00 C9 80 40 A7 01 20 88 50 CC 00 00 00 00 00 00 00 00 00 00 00 00 00 00 00 00 00 00 00 00 00 00 00 00 00 00 00 00 00 00 00 00 00 00 00 00 00 00 00 00 00 00 00 00 00 00 00 00 00 00 00
out,03 00
in,01 55 00 00 02 02 00 00 05 04 00 50 CC 00 00 00 00 00 00 00 00 00 00 00 00 00 00 00 00 00 00 00 00 00 00 00 00 00 00 00 00 00 00 00 00 00 00 00 00 00 00 00 00 00 00 00 00 00 00 00 00 00 00 00
out,03 00
in,01 55 00 00 02 01 00 4E 05 04 00 50 CC 00 00 00 00 00 00 00 00 00 00 00 00 00 00 00 00 00 00 00 00 00 00 00 00 00 00 00 00 00 00 00 00 00 00 00 00 00 00 00 00 00 00 00 00 00 00 00 00 00 00 00
out,0C 00 00 4E 95
in,02 00 03 00 CC 80 40 A7 01 20 88 50 88 00 01 01 01 01 01 00 00 00 00 00 00 00 00 00 00 00 00 00 00 00 00 00 00 00 00 00 00 00 00 00 00 00 00 00 00 00 00 00 00 00 00 00 00 00 00 00 00 00 00 00 00 00 00 00 00 00 00 00 00 00 00 00 00 31
out,01 00 A7 01 20 88 50 80 00 00 02 01 00 8A 30 00
in,01 55 00 00 CC 80 40 A7 01 20 88 50 88 00 01 01 01 01 01 00 00 00 00 00 00 00 00 00 00 00 00 00 00 00 00 00 00 00 00 00 00 00 00 00 00 00 00 00 00 00 00 00 00 00 00 00 00 00 00 00 00 00 00 00
out,03 00
in,01 55 00 00 02 02 00 00 05 04 00 50 88 00 01 01 01 01 01 00 00 00 00 00 00 00 00 00 00 00 00 00 00 00 00 00 00 00 00 00 00 00 00 00 00 00 00 00 00 00 00 00 00 00 00 00 00 00 00 00 00 00 00 00
out,03 00
in,01 55 00 00 02 01 00 4E 05 04 00 50 88 00 01 01 01 01 01 00 00 00 00 00 00 00 00 00 00 00 00 00 00 00 00 00 00 00 00 00 00 00 00 00 00 00 00 00 00 00 00 00 00 00 00 00 00 00 00 00 00 00 00 00
out,0C 00 00 4E 95
in,02 00 03 00 CD 80 40 A7 01 20 88 50 15 00 00 00 00 00 00 00 00 00 00 00 00 00 00 00 00 00 00 00 00 00 00 00 00 00 00 00 00 00 00 00 00 00 00 00 00 00 00 00 00 00 00 00 00 00 00 00 00 00 00 00 00 00 00 00 00 00 00 00 00 00 00 00 00 00
out,01 00 A7 01 20 88 50 80 00 00 02 01 00 88 9D 00
in,01 55 00 00 CD 80 40 A7 01 20 88 50 15 00 00 00 00 00 00 00 00 00 00 00 00 00 00 00 00 00 00 00 00 00 00 00 00 00 00 00 00 00 00 00 00 00 00 00 00 00 00 00 00 00 00 00 00 00 00 00 00 00 00 00
out,03 00
in,01 55 00 00 02 02 00 00 05 04 00 50 15 00 00 00 00 00 00 00 00 00 00 00 00 00 00 00 00 00 00 00 00 00 00 00 00 00 00 00 00 00 00 00 00 00 00 00 00 00 00 00 00 00 00 00 00 00 00 00 00 00 00 00
out,03 00
in,01 55 00 00 02 01 00 4E 05 04 00 50 15 00 00 00 00 00 00 00 00 00 00 00 00 00 00 00 00 00 00 00 00 00 00 00 00 00 00 00 00 00 00 00 00 00 00 00 00 00 00 00 00 00 00 00 00 00 00 00 00 00 00 00
out,0C 00 00 4E 95
in,02 00 03 00 CE 80 40 A7 01 20 88 50 29 00 00 00 00 00 00 00 00 00 00 00 00 00 00 00 00 00 00 00 00 00 00 00 00 00 00 00 00 00 00 00 00 00 00 00 00 00 00 00 00 00 00 00 00 00 00 00 00 00 00 00 00 00 00 00 00 00 00 00 00 00 00 00 00 00
out,01 00 A7 01 20 88 50 80 00 00 02 01 00 95 EC 00
in,01 55 00 00 CE 80 40 A7 01 20 88 50 29 00 00 00 00 00 00 00 00 00 00 00 00 00 00 00 00 00 00 00 00 00 00 00 00 00 00 00 00 00 00 00 00 00 00 00 00 00 00 00 00 00 00 00 00 00 00 00 00 00 00 00
out,03 00
in,01 55 00 00 02 02 00 00 05 04 00 50 29 00 00 00 00 00 00 00 00 00 00 00 00 00 00 00 00 00 00 00 00 00 00 00 00 00 00 00 00 00 00 00 00 00 00 00 00 00 00 00 00 00 00 00 00 00 00 00 00 00 00 00
out,03 00
in,01 55 00 00 02 01 00 4E 05 04 00 50 29 00 00 00 00 00 00 00 00 00 00 00 00 00 00 00 00 00 00 00 00 00 00 00 00 00 00 00 00 00 00 00 00 00 00 00 00 00 00 00 00 00 00 00 00 00 00 00 00 00 00 00
out,0C 00 00 4E 95
in,02 00 03 00 CF 80 40 A7 01 20 88 50 B4 2D 2D 2D 2D 2D 2D 2D 2D 2D 2D 2D 2D 2D 2D 2D 2D 2D 2D 00 00 00 00 00 00 00 00 00 00 00 00 00 00 00 00 00 00 00 00 00 00 00 00 00 00 00 00 00 00 00 00 00 00 00 00 00 00 00 00 00 00 00 00 00 00 BB
out,01 00 A7 01 20 88 50 80 00 00 02 01 00 8B AB 00
in,01 55 00 00 CF 80 40 A7 01 20 88 50 B4 2D 2D 2D 2D 2D 2D 2D 2D 2D 2D 2D 2D 2D 2D 2D 2D 2D 2D 00 00 00 00 00 00 00 00 00 00 00 00 00 00 00 00 00 00 00 00 00 00 00 00 00 00 00 00 00 00 00 00 00
out,03 00
in,01 55 00 00 02 02 00 00 05 04 00 50 B4 2D 2D 2D 2D 2D 2D 2D 2D 2D 2D 2D 2D 2D 2D 2D 2D 2D 2D 00 00 00 00 00 00 00 00 00 00 00 00 00 00 00 00 00 00 00 00 00 00 00 00 00 00 00 00 00 00 00 00 00
out,03 00
in,01 55 00 00 02 01 00 4E 05 04 00 50 B4 2D 2D 2D 2D 2D 2D 2D 2D 2D 2D 2D 2D 2D 2D 2D 2D 2D 2D 00 00 00 00 00 00 00 00 00 00 00 00 00 00 00 00 00 00 00 00 00 00 00 00 00 00 00 00 00 00 00 00 00
out,0C 00 00 4E 95
in,02 00 03 00 CE 80 40 A7 01 20 88 50 29 00 00 00 00 00 00 00 00 00 00 00 00 00 00 00 00 00 00 00 00 00 00 00 00 00 00 00 00 00 00 00 00 00 00 00 00 00 00 00 00 00 00 00 00 00 00 00 00 00 00 00 00 00 00 00 00 00 00 00 00 00 00 00 00 00
out,01 00 A7 01 20 88 50 80 00 00 02 01 00 8F 6A 00
in,01 55 00 00 CE 80 40 A7 01 20 88 50 29 00 00 00 00 00 00 00 00 00 00 00 00 00 00 00 00 00 00 00 00 00 00 00 00 00 00 00 00 00 00 00 00 00 00 00 00 00 00 00 00 00 00 00 00 00 00 00 00 00 00 00
out,03 00
in,01 55 00 00 02 02 00 00 05 04 00 50 29 00 00 00 00 00 00 00 00 00 00 00 00 00 00 00 00 00 00 00 00 00 00 00 00 00 00 00 00 00 00 00 00 00 00 00 00 00 00 00 00 00 00 00 00 00 00 00 00 00 00 00
out,03 00
in,01 55 00 00 02 01 00 4E 05 04 00 50 29 00 00 00 00 00 00 00 00 00 00 00 00 00 00 00 00 00 00 00 00 00 00 00 00 00 00 00 00 00 00 00 00 00 00 00 00 00 00 00 00 00 00 00 00 00 00 00 00 00 00 00
out,0C 00 00 4E 95
in,02 00 03 00 CD 80 40 A7 01 20 88 50 15 00 14 00 00 00 00 00 00 00 00 00 00 00 00 00 00 00 00 00 00 00 00 00 00 00 00 00 00 00 00 00 00 00 00 00 00 00 00 00 00 00 00 00 00 00 00 00 00 00 00 00 00 00 00 00 00 00 00 00 00 00 00 00 00 AA
out,01 00 A7 01 20 88 50 80 00 00 02 01 00 C1 D7 00
in,01 55 00 00 CD 80 40 A7 01 20 88 50 15 00 14 00 00 00 00 00 00 00 00 00 00 00 00 00 00 00 00 00 00 00 00 00 00 00 00 00 00 00 00 00 00 00 00 00 00 00 00 00 00 00 00 00 00 00 00 00 00 00 00 00
out,03 00
in,01 55 00 00 02 02 00 00 05 04 00 50 15 00 14 00 00 00 00 00 00 00 00 00 00 00 00 00 00 00 00 00 00 00 00 00 00 00 00 00 00 00 00 00 00 00 00 00 00 00 00 00 00 00 00 00 00 00 00 00 00 00 00 00
out,03 00
in,01 55 00 00 02 01 00 4E 05 04 00 50 15 00 14 00 00 00 00 00 00 00 00 00 00 00 00 00 00 00 00 00 00 00 00 00 00 00 00 00 00 00 00 00 00 00 00 00 00 00 00 00 00 00 00 00 00 00 00 00 00 00 00 00
out,0C 00 00 4E 95
in,02 00 03 00 CC 80 40 A7 01 20 88 50 88 00 14 00 00 00 00 00 00 00 00 00 00 00 00 00 00 00 00 00 00 00 00 00 00 00 00 00 00 00 00 00 00 00 00 00 00 00 00 00 00 00 00 00 00 00 00 00 00 00 00 00 00 00 00 00 00 00 00 00 00 00 00 00 00 AA
out,01 00 A7 01 20 88 50 80 00 00 02 01 00 C3 7A 00
in,01 55 00 00 CC 80 40 A7 01 20 88 50 88 00 14 00 00 00 00 00 00 00 00 00 00 00 00 00 00 00 00 00 00 00 00 00 00 00 00 00 00 00 00 00 00 00 00 00 00 00 00 00 00 00 00 00 00 00 00 00 00 00 00 00
out,03 00
in,01 55 00 00 02 02 00 00 05 04 00 50 88 00 14 00 00 00 00 00 00 00 00 00 00 00 00 00 00 00 00 00 00 00 00 00 00 00 00 00 00 00 00 00 00 00 00 00 00 00 00 00 00 00 00 00 00 00 00 00 00 00 00 00
out,03 00
in,01 55 00 00 02 01 00 4E 05 04 00 50 88 00 14 00 00 00 00 00 00 00 00 00 00 00 00 00 00 00 00 00 00 00 00 00 00 00 00 00 00 00 00 00 00 00 00 00 00 00 00 00 00 00 00 00 00 00 00 00 00 00 00 00
out,0C 00 00 4E 95
in,02 00 03 00 CB 80 40 A7 01 20 88 50 6D 02 07 00 00 00 00 00 00 00 00 00 00 00 00 00 00 00 00 00 00 00 00 00 00 00 00 00 00 00 00 00 00 00 00 00 00 00 00 00 00 00 00 00 00 00 00 00 00 00 00 00 00 00 00 00 00 00 00 00 00 00 00 00 00 5F
out,01 00 A7 01 20 88 50 80 00 00 02 01 00 C5 16 00
in,01 55 00 00 CB 80 40 A7 01 20 88 50 6D 02 07 00 00 00 00 00 00 00 00 00 00 00 00 00 00 00 00 00 00 00 00 00 00 00 00 00 00 00 00 00 00 00 00 00 00 00 00 00 00 00 00 00 00 00 00 00 00 00 00 00
out,03 00
in,01 55 00 00 02 02 00 00 05 04 00 50 6D 02 07 00 00 00 00 00 00 00 00 00 00 00 00 00 00 00 00 00 00 00 00 00 00 00 00 00 00 00 00 00 00 00 00 00 00 00 00 00 00 00 00 00 00 00 00 00 00 00 00 00
out,03 00
in,01 55 00 00 02 01 00 4E 05 04 00 50 6D 02 07 00 00 00 00 00 00 00 00 00 00 00 00 00 00 00 00 00 00 00 00 00 00 00 00 00 00 00 00 00 00 00 00 00 00 00 00 00 00 00 00 00 00 00 00 00 00 00 00 00
out,0C 00 00 4E 95
in,02 00 03 00 CD 80 40 A7 01 20 88 50 15 00 00 00 00 00 00 00 00 00 00 00 00 00 00 00 00 00 00 00 00 00 00 00 00 00 00 00 00 00 00 00 00 00 00 00 00 00 00 00 00 00 00 00 00 00 00 00 00 00 00 00 00 00 00 00 00 00 00 00 00 00 00 00 00 00
out,01 00 A7 01 20 88 50 80 00 00 02 01 00 C6 20 00
in,01 55 00 00 CD 80 40 A7 01 20 88 50 15 00 00 00 00 00 00 00 00 00 00 00 00 00 00 00 00 00 00 00 00 00 00 00 00 00 00 00 00 00 00 00 00 00 00 00 00 00 00 00 00 00 00 00 00 00 00 00 00 00 00 00
out,03 00
in,01 55 00 00 02 02 00 00 05 04 00 50 15 00 00 00 00 00 00 00 00 00 00 00 00 00 00 00 00 00 00 00 00 00 00 00 00 00 00 00 00 00 00 00 00 00 00 00 00 00 00 00 00 00 00 00 00 00 00 00 00 00 00 00
out,03 00
in,01 55 00 00 02 01 00 4E 05 04 00 50 15 00 00 00 00 00 00 00 00 00 00 00 00 00 00 00 00 00 00 00 00 00 00 00 00 00 00 00 00 00 00 00 00 00 00 00 00 00 00 00 00 00 00 00 00 00 00 00 00 00 00 00
out,0C 00 00 4E 95
in,02 00 03 00 CD 80 40 A7 01 20 88 50 15 FF FF FF FF FF FF FF FF FF FF FF FF FF FF FF FF 00 00 00 00 00 00 00 00 00 00 00 00 00 00 00 00 00 00 00 00 00 00 00 00 00 00 00 00 00 00 00 00 00 00 00 00 00 00 00 00 00 00 00 00 00 00 00 00 90
out,01 00 A7 01 20 88 50 80 00 00 02 01 00 C7 BB 00
in,01 55 00 00 CD 80 40 A7 01 20 88 50 15 FF FF FF FF FF FF FF FF FF FF FF FF FF FF FF FF 00 00 00 00 00 00 00 00 00 00 00 00 00 00 00 00 00 00 00 00 00 00 00 00 00 00 00 00 00 00 00 00 00 00 00
out,03 00
in,01 55 00 00 02 02 00 00 05 04 00 50 15 FF FF FF FF FF FF FF FF FF FF FF FF FF FF FF FF 00 00 00 00 00 00 00 00 00 00 00 00 00 00 00 00 00 00 00 00 00 00 00 00 00 00 00 00 00 00 00 00 00 00 00
out,03 00
in,01 55 00 00 02 01 00 4E 05 04 00 50 15 FF FF FF FF FF FF FF FF FF FF FF FF FF FF FF FF 00 00 00 00 00 00 00 00 00 00 00 00 00 00 00 00 00 00 00 00 00 00 00 00 00 00 00 00 00 00 00 00 00 00 00
out,0C 00 00 4E 95
in,02 00 03 00 CC 80 40 A7 01 20 88 50 88 01 02 01 01 01 01 02 02 00 11 02 61 5D C0 00 00 00 00 00 00 00 00 00 00 00 00 00 00 00 00 00 00 00 00 00 00 00 00 00 00 00 00 00 00 00 00 00 00 00 00 00 00 00 00 00 00 00 00 00 00 00 00 00 00 15
out,01 00 A7 01 20 88 50 80 01 00 02 02 00 80 9B 00 00
in,01 55 00 00 CC 80 40 A7 01 20 88 50 88 01 02 01 01 01 01 02 02 00 11 02 61 5D C0 00 00 00 00 00 00 00 00 00 00 00 00 00 00 00 00 00 00 00 00 00 00 00 00 00 00 00 00 00 00 00 00 00 00 00 00 00
out,03 00
in,01 55 00 00 02 01 00 4E 05 04 00 50 88 01 02 01 01 01 01 02 02 00 11 02 61 5D C0 00 00 00 00 00 00 00 00 00 00 00 00 00 00 00 00 00 00 00 00 00 00 00 00 00 00 00 00 00 00 00 00 00 00 00 00 00
out,0C 00 00 4E 95
in,02 00 04 00 CB 00 40 A7 01 20 88 50 38 06 15 05 2E 00 40 60 01 04 06 36 05 36 00 40 60 01 04 06 2F 18 41 00 40 20 C1 04 06 2F 0C 5F 00 40 20 C1 04 06 2F 0C 70 00 40 20 C1 04 06 2F 0C 81 00 40 20 C1 04 06 2F 0C 92 00 40 20 C1 04 06 E2
out,03 00
in,01 55 00 00 02 01 00 CE 05 04 00 50 38 06 15 05 2E 00 40 60 01 04 06 36 05 36 00 40 60 01 04 06 2F 18 41 00 40 20 C1 04 06 2F 0C 5F 00 40 20 C1 04 06 2F 0C 70 00 40 20 C1 04 06 2F 0C 81 00 40
out,0C 00 00 CE 9E
in,02 00 04 00 CB 00 C0 A7 01 20 88 50 53 2F 0C A3 00 40 20 C1 04 06 2F 0C C7 00 40 20 C1 04 06 2F 0C D8 00 40 20 C1 04 06 11 0C E7 00 40 20 C1 04 06 15 05 0C 00 40 40 A1 04 64 00 0C 40 00 01 04 64 00 15 40 00 01 04 17 00 08 41 00 01 04 18 00 00 40 00 01 00 07 00 00 00 00 01 84 6C 01 84 00 0C 00 E8 00 00 00 00 00 00 00 00 00 00 00 00 00 00 00 00 00 00 00 00 00 00 00 00 00 00 00 00 00 00 00 21 00 08 40 00 01 00 03 00 00 00 15 10 40 20 01 00 03 00 07 00 07 22 40 00 01 00 64 01 03 42 00 01 00 64 00 09 42 00 01 00 64 01 0E 42 00 01 00 64 00 10 42 00 01 00 64 01 12 42 00 01 00 64 00 13 42 00 01 00 64 01 16 42 00 01 71
out,03 00
in,01 55 00 00 02 03 00 8E 05 04 00 50 53 2F 0C A3 00 40 20 C1 04 06 2F 0C C7 00 40 20 C1 04 06 2F 0C D8 00 40 20 C1 04 06 11 0C E7 00 40 20 C1 04 06 15 05 0C 00 40 40 A1 04 64 00 0C 40 00 01 04
out,0C 00 00 8E 56
in,02 00 04 00 CB 00 80 A7 01 20 88 50 AB 00 64 00 17 42 00 01 00 1E 00 12 65 03 41 00 1F 00 24 65 03 41 00 1E 00 17 68 03 41 00 00 00 00 00 00 00 00 00 00 00 00 00 00 00 00 00 00 00 00 00 00 00 00 00 00 00 00 00 00 00 00 00 00 00 00 00 00 00 00 00 00 00 00 00 00 00 00 00 00 00 00 00 00 00 00 00 00 00 00 00 00 00 00 00 00 00 00 00 00 00 00 00 00 00 00 00 00 00 00 00 00 00 00 00 00 00 00 00 00 00 00 00 00 00 00 00 00 00 00 C3
out,03 00
in,01 55 00 00 02 01 00 CE 05 04 00 50 AB 00 64 00 17 42 00 01 00 1E 00 12 65 03 41 00 1F 00 24 65 03 41 00 1E 00 17 68 03 41 00 00 00 00 00 00 00 00 00 00 00 00 00 00 00 00 00 00 00 00 00 00 00
out,0C 00 00 CE 9E
in,02 00 04 00 CB 00 C0 A7 01 20 88 50 53 00 00 00 00 00 00 00 00 00 00 00 00 00 00 00 00 00 00 00 00 00 00 00 00 00 00 00 00 00 00 00 00 00 00 00 00 00 00 00 00 00 00 00 00 00 00 00 00 00 00 00 00 00 00 00 00 00 00 00 00 00 00 00 00 00 00 00 00 00 00 00 00 00 00 00 00 00 00 00 00 00 00 00 00 00 00 00 00 00 00 00 00 00 00 00 00 00 00 00 00 00 00 00 00 00 00 00 00 00 00 00 00 00 00 00 00 00 00 00 00 00 00 00 00 00 00 00 00 00 00 00 00 00 00 00 00 00 00 00 00 00 00 00 00 00 00 00 00 00 00 00 00 00 00 00 00 00 00 00 00 00 00 00 00 00 00 00 00 00 00 00 00 00 00 00 00 00 00 00 00 00 00 00 00 00 00 00 00 00 00 00 00 00
out,03 00
in,01 55 00 00 02 01 00 CE 05 04 00 50 53 00 00 00 00 00 00 00 00 00 00 00 00 00 00 00 00 00 00 00 00 00 00 00 00 00 00 00 00 00 00 00 00 00 00 00 00 00 00 00 00 00 00 00 00 00 00 00 00 00 00 00
out,0C 00 00 CE 9E
in,02 00 04 00 CC 00 C0 A7 01 20 88 50 B6 00 00 00 00 00 00 00 00 00 00 00 00 00 00 00 00 00 00 00 00 00 00 00 00 00 00 00 00 00 00 00 00 00 00 00 00 00 00 00 00 00 00 00 00 00 00 00 00 00 00 00 00 00 00 00 00 00 00 00 00 00 00 00 00 00 00 00 00 00 00 00 00 00 00 00 00 00 00 00 00 00 00 00 00 00 00 00 00 00 00 00 00 00 00 00 00 00 00 00 00 00 00 00 00 00 00 00 00 00 00 00 00 00 00 00 00 00 00 00 00 00 00 00 00 00 00 00 00 00 00 00 00 00 00 00 00 00 00 00 00 00 00 00 00 00 00 00 00 00 00 00 00 00 00 00 00 00 00 00 00 00 00 00 00 00 00 00 00 00 00 00 00 00 00 00 00 00 00 00 00 00 00 00 00 00 00 00 00 00 00 00 00 00
out,03 00
in,01 55 00 00 02 03 00 8E 05 04 00 50 B6 00 00 00 00 00 00 00 00 00 00 00 00 00 00 00 00 00 00 00 00 00 00 00 00 00 00 00 00 00 00 00 00 00 00 00 00 00 00 00 00 00 00 00 00 00 00 00 00 00 00 00
out,0C 00 00 8E 56
in,02 00 04 00 CD 00 80 A7 01 20 88 50 D3 00 00 00 00 00 00 00 00 00 00 00 00 00 00 00 00 00 00 00 00 00 00 00 00 00 00 00 00 00 00 00 00 00 00 00 00 00 00 00 00 00 00 00 00 00 00 00 00 00 00 00 00 00 00 00 00 00 00 00 00 00 00 00 00 00 00 00 00 00 00 00 00 00 00 00 00 00 00 00 00 00 00 00 00 00 00 00 00 00 00 00 00 00 00 00 00 00 00 00 00 00 00 00 00 00 00 00 00 00 00 00 00 00 00 00 00 00 00 00 00 00 00 00 00 00 00 00 00 00
out,03 00
in,01 55 00 00 02 01 00 8E 05 04 00 50 D3 00 00 00 00 00 00 00 00 00 00 00 00 00 00 00 00 00 00 00 00 00 00 00 00 00 00 00 00 00 00 00 00 00 00 00 00 00 00 00 00 00 00 00 00 00 00 00 00 00 00 00
out,0C 00 00 8E 56
in,02 00 04 00 CE 80 80 A7 01 20 88 50 6C 00 00 00 00 00 00 00 00 00 00 00 00 00 00 00 00 00 00 00 00 00 00 00 00 00 00 00 00 00 00 00 00 00 00 00 00 00 00 00 00 00 00 00 00 00 00 00 00 00 00 00 00 00 00 00 00 00 00 00 00 00 00 00 00 00 00 00 00 00 00 00 00 00 00 00 00 00 00 00 00 00 00 00 00 00 00 00 00 00 00 00 00 00 00 00 00 00 00 00 00 00 00 00 00 00 00 00 00 00 00 00 00 00 00 00 00 00 00 00 00 00 00 00 00 00 00 29 C2 A5
out,01 00 A7 01 20 88 50 80 01 00 02 00 00 4D A7 00 00
in,01 55 00 00 CE 80 80 A7 01 20 88 50 6C 00 00 00 00 00 00 00 00 00 00 00 00 00 00 00 00 00 00 00 00 00 00 00 00 00 00 00 00 00 00 00 00 00 00 00 00 00 00 00 00 00 00 00 00 00 00 00 00 00 00 00
out,01 00 A7 01 20 88 50 80 02 55 00 00 00 5D 7A 00 00 00
out,06 00 00
in,01 55 00 C6 CE 80 80 A7 01 20 88 50 6C 00 00 00 00 00 00 00 00 00 00 00 00 00 00 00 00 00 00 00 00 00 00 00 00 00 00 00 00 00 00 00 00 00 00 00 00 00 00 00 00 00 00 00 00 00 00 00 00 00 00 00
out,05 00 00
in,01 55 00 00 00 00 00 00 00 00 89 00 00 00 92 00 00 00 56 00 11 00 32 00 78 00 0A 00 00 00 00 00 00 01 01 55 00 00 00 00 00 00 00 00 00 00 00 00 00 00 00 00 00 00 00 00 00 00 00 00 00 00 00 00
out,05 01 00
in,01 55 00 00 00 00 00 00 00 01 71 00 00 01 71 01 74 02 7C 01 71 04 00 00 05 00 0A 00 00 00 00 00 00 01 01 55 00 00 00 00 00 00 00 00 00 00 00 00 00 00 00 00 00 00 00 00 00 00 00 00 00 00 00 00
